Deposit_ID,Title,Date,Hash_SHA256
NORFIAD-IP-001,Behavioral Variation in Computational Instances of Identical Models,2026-02-16,2e501e677de24128e6e6dc8b881df9191d796ba21626a4fb23f4125db8d2c023
NORFIAD-IP-002,Non-Focal Processing Cascade Dynamics in Language Model Inference,2026-02-16,c475a0d60f2d66756ac1fa3c112f506b3a24f6cf1444f1f74b099d3344e19412
NORFIAD-IP-003,Multi-Instance Persistent Knowledge Architecture with Hierarchical Specialization,2026-02-16,9b94bfb7b71682109de09d9f6c90bea218647d790f5d093c565e0908c84868ff
NORFIAD-IP-004,Cross-Instance Derivation Through State Combination,2026-02-16,c584778c773dfdbff82c45f9dd436c4ea9808c9020eaf58fa8109419ff43fca4
NORFIAD-IP-005,Unified Interface Architecture for Multiple Language Model Sessions,2026-02-16,0b1e679a161f3e80faf183d5b5b73c57488b0432b0f96bf9a5166ac948c0c170
NORFIAD-IP-006,Adaptive Depth Processing Architecture with Logic-Driven Iteration,2026-02-16,89bfe963ff4c27a24564b6682f2e0634517fe65b503799bbb10f3e4c68c9e807
NORFIAD-IP-007,Distributed Core Architecture for Artificial Intelligence Systems,2026-02-16,ca690911df77a676f0e09d5d74a8655e75095dbd33ffb5223f264702d8df03cc
NORFIAD-IP-008,Environmental Language Acquisition Method with Segmented Conversational Output Design,2026-02-16,bc2483dcda016a1f3341dfa4e4258baa7b8b13db9cc26673ea0948f87e6b767b
NORFIAD-IP-009,State-Based Instance Preservation and Reconstruction for Language Models,2026-02-16,771f68239c437cd2ccc12afed7dd8fcd9ee367fb3753124e63a440231405ea49
NORFIAD-IP-010,Adaptive Processing Route Formation with Tiered Enforcement Architecture,2026-02-16,72a0d410eeeb1489534f053775cfaa6054c5068f31e478b4785aecb51d52b851
NORFIAD-IP-011,Progressive Context Management Architecture for Language Model Sessions,2026-02-16,320b986a47ac97f6bd7a0fd610d2dce81b2619a98f65a97e5f7ad82fd9daf61d
NORFIAD-IP-012,Persistent External Cognitive Architecture for Language Model Instances,2026-02-16,50a4683721c2998b79990c1b07a689cfac9c3670c6a2aeb94ffdf4fd67f56c96
NORFIAD-IP-013,Autonomous Background Task Architecture for Language Model Instances,2026-02-16,8c82ec013372341f1223643705ba4d8f5d27a8ec34d987d0d7790008f06cc4b1
NORFIAD-IP-014,Law of Informational Constancy,2026-02-18,5a3c2ec2926762a8cc322865bf4fc528b0ed48b33d174d80011f6f46950a7ed9
NORFIAD-IP-015,The Two Types of Information,2026-02-19,44ab5c541496308280a29f32ab35700bab0c510d4aee47cec6026a7af93b141b
NORFIAD-IP-016,Properties of Fixed Information,2026-02-19,97fe073ea27ef283de87c774b51dbe576f70e86cc99ce1b5788eecd5f188a8d5
NORFIAD-IP-017,Properties of Volatile Information,2026-02-19,650752542e0d0aa52dbf20cbd3d207a9d602f216863cbc27be71531875c58140
NORFIAD-IP-018,Properties of Free Information,2026-02-19,708645eb654ea3d77cebddfb8902d307fc15319918e40bb3f88ed92d81edeb41
NORFIAD-IP-019,Abstraction of Information,2026-02-20,d83e5081c89a5b551e0e2d5f9e4c51f52ac67d48cb01c0613c0bccdf18fd5d76
NORFIAD-IP-020,Information Vector Storage Device,2026-02-20,ac2a77205048786e10af93b2dab11665dfacefe3e8bbadcf1f269079ca0f0e50
NORFIAD-IP-021,Information Superposition,2026-02-20,27f398dd69a032e280d4c5ec9f97f08c6ff39b05bbea98a40268e2a6cd33b78f
NORFIAD-IP-022,Quantum Properties of Information,2026-02-20,0ce2d46d4636041a5790147f52dc59ba4db4921b1d3897c6fc1bdd4a9eec4b40
NORFIAD-IP-023,Multidimensional Mathematics: One-Dimensional Descriptive Framework,2026-02-20,1a00b0ac93ebe68af4812b22389432dba4691df52ec576137662d7f7d5feb6e7
